{
    "map": [
        {
            "code": 0,
            "name": "Well",
            "x": -35.599998474121097,
            "y": 1.309999942779541,
            "z": -11.699999809265137
        },
        {
            "code": 1,
            "name": "BigHousePrefab",
            "x": -34.70000076293945,
            "y": 0.0,
            "z": -33.0099983215332
        },
        {
            "code": 2,
            "name": "OldHouse",
            "x": -34.86000061035156,
            "y": 0.0,
            "z": -20.600000381469728
        },
        {
            "code": 3,
            "name": "OldHouse (1)",
            "x": 32.099998474121097,
            "y": 0.0,
            "z": -32.88999938964844
        }
    ]
}