{
    "map": [
        {
            "code": 0,
            "name": "Tomb05_c",
            "x": -4.896620273590088,
            "y": 1.0,
            "z": -18.647066116333009
        },
        {
            "code": 1,
            "name": "Tomb05_c",
            "x": -15.775323867797852,
            "y": 1.0,
            "z": 3.0614027976989748
        },
        {
            "code": 2,
            "name": "Tomb05_c",
            "x": 14.129770278930664,
            "y": 1.0,
            "z": -26.470088958740236
        }
    ]
}