{
    "map": [
        {
            "code": 0,
            "name": "Tomb05_c",
            "x": -29.310516357421876,
            "y": 1.0010185241699219,
            "z": 9.67712116241455
        },
        {
            "code": 1,
            "name": "Tomb05_c",
            "x": -15.775323867797852,
            "y": 1.0,
            "z": 3.0614027976989748
        },
        {
            "code": 2,
            "name": "Tomb05_c",
            "x": 20.0097713470459,
            "y": 1.0,
            "z": -26.470088958740236
        }
    ]
}